unit,quantity,period,method,n_stations,n_weeks,acf_w1,acf_w2,acf_w4,acf_w26,acf_w52,acf_slope,first_insig_lag,nonstationary_by_acf,trend_r,trend_p,adf_p,kpss_p,verdict,stl_trend_r,stl_trend_p,seasonal_strength,trend_strength
All California (PN),pn,full,raw,13,942,0.5477184394655672,0.4151528485942119,0.29778298852534196,-0.13342780332945642,0.3416407250042403,-0.023101861468507946,13.0,False,-0.06794266538894224,0.03707489922376597,2.210775438844461e-12,0.1,stationary (both agree),,,,
All California (PN),pn,full,seasonal_diff,13,889,0.3728331731885174,0.2339567332441808,0.09385363698183818,0.052343465897084274,-0.44427463777718684,-0.0060742355422968,11.0,False,-0.031367169130328325,0.35022098588931627,4.059022476554904e-09,0.1,stationary (both agree),,,,
All California (PN),pn,full,stl,13,1102,0.31787795473227815,0.18457456267428018,0.03359223587451989,0.015333370641282472,-0.05296386610111758,-0.005991821451613523,4.0,False,0.013059537260303412,0.6649741681560082,1.9825318432583363e-13,0.1,stationary (both agree),-0.6898326289544576,1.7133995818315442e-156,0.41586851303157724,0.3134812830279454
All California (PN),pn,window,raw,13,193,0.6253781246500528,0.4059613481903198,0.2863998875501061,-0.24130940267460002,0.30480921877080314,-0.026416063507930528,9.0,False,0.1401589937845367,0.051882261566115646,7.248848637524624e-09,0.1,stationary (both agree),,,,
All California (PN),pn,window,seasonal_diff,13,141,0.50286321965982,0.2654774210319882,0.09410675875061662,0.032613416950623385,-0.6078873564138068,-0.006001666440086756,3.0,False,-0.06312871800257777,0.4570692193493775,3.4023988206110837e-09,0.1,stationary (both agree),,,,
All California (PN),pn,window,stl,13,193,0.5220547895824003,0.18576931430755958,0.0016819310477702342,-0.010618115321249717,0.14394958930082907,-0.0054692018994836195,3.0,False,0.056186407863859866,0.43768447710797065,3.094821221532958e-11,0.1,stationary (both agree),0.8708480531322779,8.128646395618676e-61,0.4633589202566989,0.029048853728734114
All California (pDA),pda,full,raw,9,939,0.3780181308892942,0.24036993942738472,0.24791924674321664,-0.05055521286195451,0.052522379106380745,-0.010890178920030226,8.0,False,-0.053543269299693795,0.101062785057855,1.2728934763914275e-16,0.1,stationary (both agree),,,,
All California (pDA),pda,full,seasonal_diff,9,887,0.289956271538211,0.15927361143739985,0.2054506617884348,-0.030434626496487996,-0.5087607367443532,-0.006738063703752303,6.0,False,0.0033418501688072134,0.9208296307435901,1.1664062801045767e-17,0.1,stationary (both agree),,,,
All California (pDA),pda,full,stl,9,939,0.4157111916886901,0.2606737297354394,0.1693132092938111,0.014139003394474414,-0.07342106078995615,-0.007861085469194543,8.0,False,-0.08922396663404152,0.0062206911543335585,3.3342305041663257e-19,0.1,stationary (both agree),0.053967607162338935,0.09838442540124,0.3431464276839935,0.0
All California (pDA),pda,window,raw,9,191,0.5133811705920519,0.20856310105140977,0.14541062079006373,-0.11892276650840043,0.02875726200207949,-0.010413403406612865,5.0,False,0.2612063501300761,0.000262427494980025,5.02255209463627e-06,0.03325651131427959,"conflicting: ADF stationary, KPSS non-stationary (possible trend-stationarity)",,,,
All California (pDA),pda,window,seasonal_diff,9,139,0.48824063947646745,0.2622260662897907,0.13076368423843085,-0.025422635753586373,-0.4856740372916891,-0.004897213358674369,4.0,False,-0.00021775909715648765,0.9979700577266204,3.4334948516852745e-06,0.1,stationary (both agree),,,,
All California (pDA),pda,window,stl,9,191,0.4412635523410839,0.09516758545628748,0.0593617528814536,-0.018268494949837948,0.01128044130509943,-0.004968117737685686,2.0,False,0.18414982763544077,0.010767902443440568,9.094420254210491e-13,0.09320354618240709,stationary (both agree),0.9999999973191043,0.0,0.05527509446300982,0.05282971036159423
Trinidad Pier,pda,full,raw,1,106,0.6396382027467733,0.7041805991976398,0.4509060601549506,-0.06997917779935336,-0.049804019119008246,-0.02047431426632505,5.0,False,0.14240962881005978,0.14532474547488453,,,insufficient data,,,,
Trinidad Pier,pda,full,seasonal_diff,1,21,,,0.7355403902597746,0.07156470980173232,,-0.03517102760608497,7.0,False,-0.03790222342717229,0.8704300821501776,,,insufficient data,,,,
Trinidad Pier,pda,full,stl,1,451,0.8758643529082123,0.7806460803941491,0.6890193823234114,0.03761925244238784,-0.09970862045012524,-0.029454236233133535,24.0,False,0.25697709874953156,3.1043917058392334e-08,0.006471382399678021,0.06689702855269118,stationary (both agree),0.48173107610523486,1.396378979432957e-27,0.05474035942922861,0.21449927949084402
Trinidad Pier,pda,window,raw,1,47,,0.6187101540646278,0.5451195150104269,-0.15896025376551295,0.9879321130478823,-0.03474455458594994,7.0,False,0.16569341233495927,0.26568099154325336,,,insufficient data,,,,
Trinidad Pier,pda,window,seasonal_diff,1,3,,,,,,,,,,,,,insufficient data,,,,
Trinidad Pier,pda,window,stl,1,179,0.9537216390551765,0.9031162325843,0.8272595158416618,-0.08614685129445453,-0.2655451594167408,-0.04038693517812579,19.0,False,0.057007775178136516,0.44845974874869265,0.1652553019955429,0.1,"conflicting: ADF unit root, KPSS stationary (weak evidence)",0.4054344734344447,1.8020382363261598e-08,0.22661192501774996,0.49452202759807196
Humboldt,pda,full,raw,1,86,,0.5911479685634057,0.5901666847222381,-0.08060417036509981,-0.11082022067399945,-0.014710653596455467,5.0,False,-0.07269003941456106,0.505976138761133,,,insufficient data,,,,
Humboldt,pda,full,seasonal_diff,1,13,,,,,,,,,,,,,insufficient data,,,,
Humboldt,pda,full,stl,1,449,0.8640074543201106,0.6843045371248081,0.4011931372334621,0.027209421255199522,-0.21208815644830448,-0.020155017675295428,15.0,False,0.04375292152929953,0.35498336580821266,4.092193105361289e-07,0.1,stationary (both agree),-0.30088764500864296,7.54664603288807e-11,0.1133426273086896,0.023407454482803236
Humboldt,pda,window,raw,1,34,,0.23867941852732738,0.34749330343168655,-0.13967547051881513,,-0.011522781073991087,2.0,False,-0.0765538360323287,0.6669646226672772,,,insufficient data,,,,
Humboldt,pda,window,seasonal_diff,1,2,,,,,,,,,,,,,insufficient data,,,,
Humboldt,pda,window,stl,1,178,0.9607140623654548,0.9014832622978153,0.7743209513290313,-0.26458594674461305,-0.14533965613160207,-0.04425310190100535,17.0,False,0.09557165919925015,0.20443802244074985,0.10615509051666255,0.1,"conflicting: ADF unit root, KPSS stationary (weak evidence)",0.004959674225017006,0.9476130716263932,0.0,0.36871562861755347
Humboldt South Bay,pda,full,raw,1,103,0.45082972171318014,-0.03615833201981762,-0.028256650458022434,-0.10306340968945649,-0.06369848850148244,-0.002432116302647349,2.0,False,0.14153930074689552,0.1538318222762522,,,insufficient data,,,,
Humboldt South Bay,pda,full,seasonal_diff,1,25,,0.13007230615059298,0.9999999999999999,,,-0.028116667420277307,2.0,False,0.06345709787730885,0.7631511191955063,,,insufficient data,,,,
Humboldt South Bay,pda,full,stl,1,451,0.7523281805958848,0.3866609566916223,-0.029594692395971484,0.183946578510207,-0.06311916398146458,-0.0026190960639850417,3.0,False,0.10009183577040279,0.03358106819033045,1.603895201511342e-13,0.1,stationary (both agree),0.6085959634489507,4.801200803835565e-47,0.02415549106964654,0.1258128978460461
Humboldt South Bay,pda,window,raw,1,39,,-0.09196210469255947,-0.13511119534388394,-0.17308989551322787,-0.2037247996890051,-0.00258148836872397,2.0,False,0.009088340296147572,0.9562092663590094,,,insufficient data,,,,
Humboldt South Bay,pda,window,seasonal_diff,1,7,,,,,,,,,,,,,insufficient data,,,,
Humboldt South Bay,pda,window,stl,1,179,0.690436396251259,0.4569878441328672,-0.0072960847752388215,0.1790309591879667,-0.03480677180355537,-0.005076089239068597,4.0,False,0.005792707375746455,0.9386562960037063,1.9036665421845714e-08,0.1,stationary (both agree),0.8963312669983609,2.0161204693021633e-64,0.21236366988966682,0.055796002923171995
Bodega Marine Lab,pn,full,raw,1,272,0.3918402443563934,0.22034816490495956,0.06216292827504235,0.010135737484993562,0.013358281751356931,-0.006527464158562838,4.0,False,-0.19157559231973753,0.0015012152397950141,0.11603272926415742,0.1,"conflicting: ADF unit root, KPSS stationary (weak evidence)",,,,
Bodega Marine Lab,pn,full,seasonal_diff,1,214,0.4128333859891922,0.2034108364698627,0.13113578545778218,-0.02559718931309333,-0.5686451027849283,-0.011152114478897903,4.0,False,0.09050931683605794,0.1871720418343031,0.0001424096605434085,0.1,stationary (both agree),,,,
Bodega Marine Lab,pn,full,stl,1,326,0.323486207893761,0.10311894493085288,0.13294984014411101,0.047269850907134536,-0.03496663800678555,-0.007245456098551044,2.0,False,0.09101031884790763,0.10093699201263537,0.0016006110141026718,0.09148238705730972,stationary (both agree),-0.7971327792465163,5.680048613153396e-73,0.11161850625122816,0.050968506788601986
Bodega Marine Lab,pn,window,raw,1,174,0.42259477474609836,0.21093101892947255,0.06058788516257711,-0.0688349475330803,-0.0781673306688482,-0.00810373631412112,3.0,False,0.030350540449509734,0.6909566884971808,0.11603272926415742,0.1,"conflicting: ADF unit root, KPSS stationary (weak evidence)",,,,
Bodega Marine Lab,pn,window,seasonal_diff,1,120,0.4760592637730841,0.23000959017647643,0.1984223733632273,-0.045612130841019616,-0.6579159557677727,-0.013060028216310105,5.0,False,-0.19957970000218933,0.028856690026936995,0.0001424096605434085,0.1,stationary (both agree),,,,
Bodega Marine Lab,pn,window,stl,1,180,0.47667296303340795,0.25247845921683537,0.20898199809999607,-0.03923128538200253,-0.005396377185314155,-0.013694018686828943,3.0,False,-0.0060762578734474566,0.9354782481848227,0.09421079991178921,0.1,"conflicting: ADF unit root, KPSS stationary (weak evidence)",0.5799936554120834,1.4393148768432658e-17,0.2409262246746552,0.0
Bodega Marine Lab Buoy,pn,full,raw,1,53,,-0.23722222162671636,0.295359797779205,-0.7693362915829353,0.7420786026672185,-0.010534824146410418,2.0,False,-0.33324822264149895,0.014753325501692022,,,insufficient data,,,,
Bodega Marine Lab Buoy,pn,full,seasonal_diff,1,10,,,,,,,,,,,,,insufficient data,,,,
Bodega Marine Lab Buoy,pn,full,stl,1,311,0.8652261548548206,0.695734186078963,0.36407046222666095,-0.03230572618295722,-0.1501432305352797,-0.016629402604052226,6.0,False,-0.07690387415505778,0.17613308809420997,0.001345315091898054,0.1,stationary (both agree),-0.8269344438172812,3.0077186740464524e-79,0.2825912611646809,0.2008642192697031
Bodega Marine Lab Buoy,pn,window,raw,1,26,,,0.31873895660473067,,0.9573834538546598,0.0003993101169786444,4.0,False,-0.183477516158919,0.36961536479663826,,,insufficient data,,,,
Bodega Marine Lab Buoy,pn,window,seasonal_diff,1,3,,,,,,,,,,,,,insufficient data,,,,
Bodega Marine Lab Buoy,pn,window,stl,1,168,0.9282740635585148,0.827403924071443,0.5756345690792329,-0.11092150945828508,-0.07824972600812395,-0.03299121580423096,12.0,False,-0.015411659727411035,0.8428273219766922,0.0041951121187381495,0.1,stationary (both agree),-0.8953875629764773,3.257883750591643e-60,0.5449762343249671,0.15501384496337278
Tomales Bay Mouth,pn,full,raw,1,65,,,-0.018700751932056545,-0.2310627092205573,-0.5897954247191762,-0.022799441589696108,4.0,False,-0.11348491677760157,0.3680647452693876,,,insufficient data,,,,
Tomales Bay Mouth,pn,full,seasonal_diff,1,18,,,,,,,,,,,,,insufficient data,,,,
Tomales Bay Mouth,pn,full,stl,1,297,0.9235831783361165,0.7853741741869763,0.4423431142253125,-0.031720798429707556,0.01937087314941305,-0.01896004796916273,7.0,False,0.011807146831556602,0.8394244865310126,4.545123675950191e-07,0.1,stationary (both agree),-0.2557743014241486,8.0512001257709e-06,0.39035853473394366,0.04635006858637136
Tomales Bay Mouth,pn,window,raw,1,36,,,-0.00472963742938684,-0.5706997773851956,-0.5878188250620128,-0.024335414406641828,3.0,False,-0.0005893337730829385,0.9972782566924768,,,insufficient data,,,,
Tomales Bay Mouth,pn,window,seasonal_diff,1,8,,,,,,,,,,,,,insufficient data,,,,
Tomales Bay Mouth,pn,window,stl,1,172,0.816111913967731,0.6293611173829828,0.2522617294919367,0.021481703341943104,0.06872812233056383,-0.008669053418604428,5.0,False,-0.11530042270901825,0.13202810055840097,1.7603182011668294e-05,0.1,stationary (both agree),0.9832188212989775,1.5127012295487684e-127,0.649107868357415,0.19370147663381054
Tomales Bay Mid-Channel Buoy,pn,full,raw,1,58,,,0.5542640973371253,-0.43602915162433964,0.3541753226826535,-0.038258236135394336,5.0,False,-0.21719774752029639,0.10147664404861512,,,insufficient data,,,,
Tomales Bay Mid-Channel Buoy,pn,full,seasonal_diff,1,17,,,,,,,,,,,,,insufficient data,,,,
Tomales Bay Mid-Channel Buoy,pn,full,stl,1,267,0.8325742954321258,0.6232052917053847,0.3429125165431315,-0.19027494406351803,0.26397449773094755,-0.02681243546353434,6.0,False,-0.06072456566397011,0.32290552272956374,5.219867481006844e-05,0.1,stationary (both agree),-0.2822406700851633,2.7883221317774343e-06,0.578206466965556,0.20102390401371317
Tomales Bay Mid-Channel Buoy,pn,window,raw,1,36,,,0.5582846364705726,-0.7814513914304568,0.6052509387754916,-0.043240600996482276,5.0,False,0.0030289600670028688,0.9860118933225046,,,insufficient data,,,,
Tomales Bay Mid-Channel Buoy,pn,window,seasonal_diff,1,9,,,,,,,,,,,,,insufficient data,,,,
Tomales Bay Mid-Channel Buoy,pn,window,stl,1,172,0.9183298382859121,0.7445038931096649,0.3232361172873365,-0.2145331532020691,0.2513212534481335,-0.025620817262061335,5.0,False,-0.053822767444105475,0.4831530489680089,0.002525857689353764,0.1,stationary (both agree),0.4176566211359861,1.1961726647234573e-08,0.745939999579815,0.1333183116805018
Inner Tomales Bay,pn,full,raw,1,57,,,0.061766445889562656,-0.29020883323502816,-0.26399702310081047,-0.031109895998573132,4.0,False,-0.21029115874781806,0.11639111662136012,,,insufficient data,,,,
Inner Tomales Bay,pn,full,seasonal_diff,1,17,,,,,,,,,,,,,insufficient data,,,,
Inner Tomales Bay,pn,full,stl,1,267,0.6465077798067559,0.4662166317327831,0.2910741131221842,0.03410766476421375,0.13380281753608803,-0.014904392754954136,6.0,False,-0.0016229450298914359,0.9789424927546375,8.478843018972293e-06,0.1,stationary (both agree),-0.6389414376756287,4.9069678498963003e-32,0.4052246883351154,0.13655150491570522
Inner Tomales Bay,pn,window,raw,1,35,,,-0.09071793239059277,-0.4062729695356414,-0.3410750809055983,-0.031178834743387333,4.0,False,-0.18547952537979737,0.286084383846718,,,insufficient data,,,,
Inner Tomales Bay,pn,window,seasonal_diff,1,9,,,,,,,,,,,,,insufficient data,,,,
Inner Tomales Bay,pn,window,stl,1,172,0.8963004566002073,0.6596480882507163,0.1393985031687172,-0.3624066438075839,0.10245257884227457,-0.030702729287443963,4.0,False,-0.004987091814822625,0.9482308702033311,0.05288370776243598,0.1,"conflicting: ADF unit root, KPSS stationary (weak evidence)",-0.9999974861124321,0.0,0.7228915713900709,0.2568167461400942
Santa Cruz Wharf,pda,full,raw,1,717,0.42553901938346544,0.23668783291770548,0.21257595221807257,-0.0737560908186614,0.09173982330857641,-0.01132718878121229,6.0,False,-0.08529748024463377,0.02236111218165063,0.0004928407903891697,0.1,stationary (both agree),,,,
Santa Cruz Wharf,pda,full,seasonal_diff,1,642,0.27881815482848715,0.11277647808529699,0.17352103298758584,-0.0006119886253099906,-0.42823680598831537,-0.004819962526232489,5.0,False,0.08055673994761653,0.041304195122895536,2.5298419754679402e-14,0.1,stationary (both agree),,,,
Santa Cruz Wharf,pda,full,stl,1,768,0.31872462757551007,0.1365136061689832,0.14583014254955512,-0.024116486952477315,0.1352597951903067,-0.0058563858673311335,5.0,False,0.004922647059893104,0.891663951945626,5.758434721530781e-18,0.1,stationary (both agree),-0.8771438337973372,3.1991978206149867e-246,0.0,0.015885594124034674
Santa Cruz Wharf,pda,window,raw,1,182,0.5271257740726337,0.1214479007046,0.2625282051893858,-0.10093755663278912,0.3843455798006424,-0.01229793513937084,2.0,False,0.30662174105746554,2.5547289545954363e-05,0.011214201207142324,0.1,stationary (both agree),,,,
Santa Cruz Wharf,pda,window,seasonal_diff,1,131,0.41597103263160845,0.08267781490595232,0.15063030487833073,-0.06952812128541842,0.0687657357594416,-0.004901936332385826,2.0,False,0.25461755337855485,0.0033373018020071994,0.0064244805274551245,0.1,stationary (both agree),,,,
Santa Cruz Wharf,pda,window,stl,1,190,0.1036404269035786,0.05224903350273614,-0.047522027888249226,-0.02040306292294819,0.6631087990614251,-0.0005534084081144092,1.0,False,0.06765462234306258,0.353685729991964,6.674615834089782e-23,0.1,stationary (both agree),0.9267060409905941,7.69181313310248e-82,0.21610630404447395,0.07525102669329486
Monterey Wharf,pn,full,raw,1,599,0.5607695484968068,0.41444022184818036,0.29463459334336195,-0.3128513777658859,0.36768151346048106,-0.028074252363867364,10.0,False,0.06007590945929866,0.14194624263265437,1.8400048858988837e-09,0.1,stationary (both agree),,,,
Monterey Wharf,pn,full,seasonal_diff,1,448,0.35285236484251314,0.23331601841252442,0.09372237703930221,-0.004863604829586214,-0.47050207061046767,-0.005716163020296338,6.0,False,0.026314735439021818,0.5785403293628077,0.021742278726231447,0.051670181442404636,stationary (both agree),,,,
Monterey Wharf,pn,full,stl,1,1057,0.46615777911377704,0.2727774639128173,0.13190964912328904,-0.0249861555969973,0.04152488294889421,-0.009357022961086718,7.0,False,-0.04073405569604388,0.18573264574819673,9.116564093278818e-15,0.1,stationary (both agree),-0.8746595028788748,0.0,0.33818268370693805,0.13614632940811444
Monterey Wharf,pn,window,raw,1,130,0.5055089938992771,0.34980527649044846,0.36760528427195804,-0.31357534619173344,0.36821788316773,-0.02577714588695913,8.0,False,0.3175029945170351,0.00023246725302770806,1.8400048858988837e-09,0.1,stationary (both agree),,,,
Monterey Wharf,pn,window,seasonal_diff,1,70,0.266577201899192,0.01444923975675262,0.21425971609884742,0.11130643955111989,-0.7206021932014274,-0.002638422349090152,2.0,False,0.16201852736086214,0.18024231492563642,0.021742278726231447,0.051670181442404636,stationary (both agree),,,,
Monterey Wharf,pn,window,stl,1,148,0.2678356255924563,0.08909184014775383,0.08006462745299218,-0.05484858557569778,0.015639968220976137,-0.004424000513963885,2.0,False,-0.037734504783994885,0.6488718874186303,2.690422012759219e-15,0.1,stationary (both agree),0.9972502969988463,6.601371891479714e-167,0.6184190305404045,0.13345991876171714
Morro Bay Front Bay,pn,full,raw,1,172,0.2352277144205898,0.19603745949355691,0.13957921969715884,-0.21644407426265852,0.19795015348437844,-0.016243947543843555,3.0,False,0.032405289748340296,0.6730226247807486,0.6104396612697475,0.09338911297170674,"conflicting: ADF unit root, KPSS stationary (weak evidence)",,,,
Morro Bay Front Bay,pn,full,seasonal_diff,1,119,0.09541646598807389,-0.06911422273270099,-0.037685572983542116,0.05198248036344408,-0.553358959024729,-0.003528209804863241,1.0,False,0.009932456280239425,0.9146229604364499,2.157698929935686e-07,0.1,stationary (both agree),,,,
Morro Bay Front Bay,pn,full,stl,1,178,0.1505589775601131,-0.06795726314560119,0.028274274507275952,0.0462791835256368,0.02028620215961501,-0.0033335656739476036,2.0,False,-0.022655189826699416,0.7640497926656495,9.193343008451677e-21,0.1,stationary (both agree),-0.688825961333641,2.236462286413897e-26,0.5368111019730339,0.0
Morro Bay Front Bay,pn,window,raw,1,172,0.2352277144205898,0.19603745949355691,0.13957921969715884,-0.21644407426265852,0.19795015348437844,-0.016243947543843555,3.0,False,0.032405289748340296,0.6730226247807486,0.6104396612697475,0.09338911297170674,"conflicting: ADF unit root, KPSS stationary (weak evidence)",,,,
Morro Bay Front Bay,pn,window,seasonal_diff,1,119,0.09541646598807389,-0.06911422273270099,-0.037685572983542116,0.05198248036344408,-0.553358959024729,-0.003528209804863241,1.0,False,0.009932456280239425,0.9146229604364499,2.157698929935686e-07,0.1,stationary (both agree),,,,
Morro Bay Front Bay,pn,window,stl,1,178,0.1505589775601131,-0.06795726314560119,0.028274274507275952,0.0462791835256368,0.02028620215961501,-0.0033335656739476036,2.0,False,-0.022655189826699416,0.7640497926656495,9.193343008451677e-21,0.1,stationary (both agree),-0.688825961333641,2.236462286413897e-26,0.5368111019730339,0.0
Morro Bay Back Bay,pn,full,raw,1,172,0.0029303595059620973,0.10973756473379502,-0.0964139079021265,-0.07656762947394997,-0.05215050978701088,-0.0019379738842484303,1.0,False,0.07888874014873785,0.30363194957216416,3.6258485214435413e-12,0.1,stationary (both agree),,,,
Morro Bay Back Bay,pn,full,seasonal_diff,1,119,0.006490639861868346,0.08520424704099334,-0.10156567014012478,-0.0384407353845864,-0.446846997207685,-0.002091877987391548,1.0,False,0.08375281641469598,0.36515606138809087,2.3375294278284627e-09,0.1,stationary (both agree),,,,
Morro Bay Back Bay,pn,full,stl,1,178,0.14119943657215564,0.10023995326303677,-0.0737356948389742,-0.010124246444976504,0.19923815071055825,-0.0012110318231239965,1.0,False,-0.010918885726671202,0.8849839896941563,0.00011393683421098302,0.1,stationary (both agree),-0.9999999999999943,0.0,0.22776561165497045,0.001863266860176016
Morro Bay Back Bay,pn,window,raw,1,172,0.0029303595059620973,0.10973756473379502,-0.0964139079021265,-0.07656762947394997,-0.05215050978701088,-0.0019379738842484303,1.0,False,0.07888874014873785,0.30363194957216416,3.6258485214435413e-12,0.1,stationary (both agree),,,,
Morro Bay Back Bay,pn,window,seasonal_diff,1,119,0.006490639861868346,0.08520424704099334,-0.10156567014012478,-0.0384407353845864,-0.446846997207685,-0.002091877987391548,1.0,False,0.08375281641469598,0.36515606138809087,2.3375294278284627e-09,0.1,stationary (both agree),,,,
Morro Bay Back Bay,pn,window,stl,1,178,0.14119943657215564,0.10023995326303677,-0.0737356948389742,-0.010124246444976504,0.19923815071055825,-0.0012110318231239965,1.0,False,-0.010918885726671202,0.8849839896941563,0.00011393683421098302,0.1,stationary (both agree),-0.9999999999999943,0.0,0.22776561165497045,0.001863266860176016
Cal Poly Pier,pn,full,raw,1,821,0.47278231066224546,0.35008520761124784,0.3006788193360326,0.059158721296582804,0.2303196062629375,-0.01437124817740464,12.0,False,0.09031719368786473,0.009619422287149808,4.021947471548309e-10,0.0979205568264846,stationary (both agree),,,,
Cal Poly Pier,pn,full,seasonal_diff,1,688,0.38297416457877426,0.16789391338941936,0.1368586600601644,-0.005841496106010759,-0.40766700834279096,-0.00834886152596775,3.0,False,0.0040187630992198,0.916201308495376,0.023091405678723878,0.1,stationary (both agree),,,,
Cal Poly Pier,pn,full,stl,1,935,0.3651832934622036,0.16181809373767125,0.11593458269133913,-0.013988434469891722,-0.041580423013194166,-0.007342064038884822,7.0,False,-0.04310304982195308,0.18789090756590027,6.9433270230715395e-22,0.1,stationary (both agree),0.23306733019110887,5.324145721806827e-13,0.26776591053714316,0.18835744228469886
Cal Poly Pier,pn,window,raw,1,177,0.5007975820914702,0.327903721745111,0.289141818468321,-0.08637646753024071,0.17281989312700483,-0.017115420638862355,8.0,False,0.22997625321790677,0.00207460519208314,0.29076393062677997,0.03193299828214803,non-stationary (both agree),,,,
Cal Poly Pier,pn,window,seasonal_diff,1,118,0.4009265247349312,0.2529640583193678,0.38131583804576696,-0.1692018943362697,-0.5300740872468903,-0.014537409622744588,7.0,False,0.08822931777377628,0.34207791786045105,0.07877773887982897,0.1,"conflicting: ADF unit root, KPSS stationary (weak evidence)",,,,
Cal Poly Pier,pn,window,stl,1,193,0.4569751131483133,0.2099868132047892,0.3082972555772753,-0.19427459925769452,0.11355750370726105,-0.014063655973164809,6.0,False,-0.01029970486916841,0.8869517834849909,0.002484529876112903,0.1,stationary (both agree),0.9991893707118358,1.928781139962738e-268,0.322196551586601,0.041857148355766816
Cal Poly Pier,pda,full,raw,1,815,0.43897411433218,0.25839782229889746,0.27729253629019335,0.02893244039509701,-0.014797831467707663,-0.009274129211786388,8.0,False,-0.14389507197207807,3.7378028153287177e-05,1.0080141730343388e-13,0.1,stationary (both agree),,,,
Cal Poly Pier,pda,full,seasonal_diff,1,682,0.4467456108014532,0.31299680744239244,0.27410289202552024,-0.07143099684188328,-0.4871704300151621,-0.011302243135733766,5.0,False,-0.0300874359098603,0.43276229800697796,9.067505448940392e-09,0.1,stationary (both agree),,,,
Cal Poly Pier,pda,full,stl,1,929,0.19041429531380305,0.08430029349779995,0.055182147513139684,0.02456462157339079,0.22347732400139725,-0.002156121521036915,4.0,False,0.12523691121910985,0.0001296638462057818,1.4430710520815685e-16,0.01,"conflicting: ADF stationary, KPSS non-stationary (possible trend-stationarity)",-0.7741075681583944,2.9161166645605884e-186,0.058813286717032676,0.05695100356892946
Cal Poly Pier,pda,window,raw,1,172,0.2523725136450854,0.23098552531360939,0.0015876577163887523,-0.09441599794013114,-0.03579971672178152,-0.006004169290856265,4.0,False,0.05613713883784801,0.4645102980690775,0.9964640435612379,0.09390753904343928,"conflicting: ADF unit root, KPSS stationary (weak evidence)",,,,
Cal Poly Pier,pda,window,seasonal_diff,1,114,0.21574108527354888,0.2753056173517725,0.027639184305109508,0.0024362504152395403,-0.24528321518714585,-0.004367758599761757,4.0,False,0.024666133195376735,0.7944785382060264,0.00033427091133035597,0.1,stationary (both agree),,,,
Cal Poly Pier,pda,window,stl,1,187,0.46667809224800677,0.329583022453173,0.06819795933066233,-0.020727581544389063,-0.00945714428704727,-0.005033858330376857,4.0,False,0.1363963716931774,0.06268846859966748,1.3936191808739688e-07,0.1,stationary (both agree),-0.23271861729463192,0.001349859559833488,0.5496539154217281,0.013306403054906824
Stearns Wharf,pn,full,raw,1,884,0.4485640929072216,0.2565169919117119,0.13571711850893275,0.03267445847516623,0.08069281924319259,-0.00743663727185856,13.0,False,-0.13986763648340336,3.0033872358786853e-05,1.2201288949961247e-12,0.1,stationary (both agree),,,,
Stearns Wharf,pn,full,seasonal_diff,1,786,0.33238828720839564,0.17608707241951982,0.06830771116815307,0.028058708669704474,-0.497142541957018,-0.003211669042605056,4.0,False,-0.06872100694044146,0.054122876390945145,0.00025404200949691194,0.1,stationary (both agree),,,,
Stearns Wharf,pn,full,stl,1,938,0.31250744210670856,0.15279188696060983,0.05892791782556092,-0.020590972443252413,-0.05363601171846503,-0.003272259225576557,3.0,False,-0.017260133927011843,0.5975292757278395,1.1276309407985337e-29,0.1,stationary (both agree),-0.4092014737375018,3.5894077249370624e-39,0.16655345853468306,0.11475325905567957
Stearns Wharf,pn,window,raw,1,185,0.5068014954630887,0.2710060775927206,0.2030312926731637,-0.07147005254449175,-0.00021557401660234245,-0.01376939793808634,10.0,False,-0.2159892742120487,0.0031491158099834385,0.0009238800245981658,0.1,stationary (both agree),,,,
Stearns Wharf,pn,window,seasonal_diff,1,131,0.39277912586786334,0.16451939456265688,0.16396307167013385,0.022541880803525743,-0.4977097060640557,-0.0034318326529047625,2.0,False,-0.19392223494882124,0.02646077650928883,0.01698923183893854,0.1,stationary (both agree),,,,
Stearns Wharf,pn,window,stl,1,190,0.30444990331022526,0.09640810778801556,0.052728240722925035,-0.08829199693390943,0.09339634164401066,-0.002478061974120507,2.0,False,0.009000236163202634,0.9019142600491667,2.060235828385362e-17,0.1,stationary (both agree),-0.9395123461949317,2.045742265673985e-89,0.37527293658503347,0.17879872124110274
Stearns Wharf,pda,full,raw,1,875,0.335791862594208,0.2195415825292858,0.23367398937980724,-0.02457074461792538,-0.009689800822581291,-0.010434690760658146,10.0,False,-0.12128251191961475,0.00032347339926611107,0.4976348403820295,0.03565414659420116,non-stationary (both agree),,,,
Stearns Wharf,pda,full,seasonal_diff,1,774,0.35061240356195716,0.24545426949277888,0.2540871803987097,0.011536346731721029,-0.5747955884178593,-0.009734279286968024,10.0,False,-0.012538526086475378,0.7276280846157215,0.6925798348842719,0.01407733941231624,non-stationary (both agree),,,,
Stearns Wharf,pda,full,stl,1,932,0.2920316194913245,0.18171375047898888,0.20037761013357666,-0.014780922690382461,-0.06440291088261076,-0.008216241643931524,9.0,False,-0.03392178937321153,0.3009047115250948,4.1454998099113013e-10,0.1,stationary (both agree),-0.8045165526445778,1.2182680969242424e-212,0.0349195065088459,0.03463764584588325
Stearns Wharf,pda,window,raw,1,180,0.5828526126414383,0.11858238731680679,0.10270811529574596,0.0682569235597186,-0.041680084752184945,-0.007702358045676427,2.0,False,0.09629098716734144,0.19848875501810065,3.7480472264175e-09,0.1,stationary (both agree),,,,
Stearns Wharf,pda,window,seasonal_diff,1,126,0.620511624329199,0.16807215620519678,0.1611177591287176,0.09641764958558095,-0.7217461117276155,-0.008827814330081089,2.0,False,-0.22493411965575266,0.011333203916489551,0.015045008076736836,0.1,stationary (both agree),,,,
Stearns Wharf,pda,window,stl,1,184,0.6073742709349398,0.1368471486660592,0.124734420497564,0.09266887803641834,-0.02810405584045557,-0.007335277339726527,2.0,False,0.12033253035193679,0.10372351836931393,0.015091011207370617,0.1,stationary (both agree),-0.9999999999999999,0.0,0.03263423292301282,0.0
Santa Monica Pier,pn,full,raw,1,912,0.4153782113380048,0.23778921477646076,0.14959387278925068,-0.03573096920449432,0.0740165272354888,-0.010352166198629111,13.0,False,0.03661409514786283,0.26934364719620635,1.4031246127337281e-05,0.1,stationary (both agree),,,,
Santa Monica Pier,pn,full,seasonal_diff,1,839,0.3623498711936646,0.20406375248341738,0.09114461518065158,0.04280973805081552,-0.5095489240174673,-0.0051707766166742665,6.0,False,-0.003768863379571083,0.9131988173396524,2.8431446707423864e-19,0.09528411077908058,stationary (both agree),,,,
Santa Monica Pier,pn,full,stl,1,941,0.28800097441196676,0.06985030342183988,-0.03525122119804963,0.016793979567201155,-0.39503940155411105,-0.000925934151251859,3.0,False,0.0135896995016922,0.6771619702214072,0.0,0.1,stationary (both agree),-0.01020761882155865,0.7544948928038615,0.39665587990474416,0.15181073813388013
Santa Monica Pier,pn,window,raw,1,190,0.46995412903473616,0.3893713198004105,0.23959505383392196,-0.24653997178892978,0.2328106289943226,-0.023714604616726045,11.0,False,0.016370873744885193,0.8226150292843857,0.00015308946155516372,0.1,stationary (both agree),,,,
Santa Monica Pier,pn,window,seasonal_diff,1,138,0.3126390124601811,0.17479831293147374,0.008929646797489175,0.03223800554543213,-0.51295159408983,-0.0058827090034953965,3.0,False,0.04321171604163046,0.6147951354287341,7.1100190802841525e-09,0.04785080421411205,"conflicting: ADF stationary, KPSS non-stationary (possible trend-stationarity)",,,,
Santa Monica Pier,pn,window,stl,1,192,0.33944265534581186,0.17828670615745043,-0.04439082996439298,0.10333870019535059,0.20602022729956876,-0.0034559293721788285,3.0,False,0.045886841271611634,0.527381778350393,1.406928647941225e-16,0.1,stationary (both agree),-0.9878503233638413,1.403921170487061e-155,0.3676097685745582,0.0
Santa Monica Pier,pda,full,raw,1,891,0.39737276014675693,0.3703183502874184,0.21239605147052848,-0.025633660311348713,-0.00514411435166883,-0.010465062944215021,7.0,False,0.008165412935281625,0.8076983356593358,5.177619189479327e-05,0.1,stationary (both agree),,,,
Santa Monica Pier,pda,full,seasonal_diff,1,816,0.4184408056781596,0.3965081030167292,0.2180275438974528,-0.006433640665517608,-0.5262306129019951,-0.009980556335546804,7.0,False,0.006525727507653453,0.8523441601565881,0.0012932577795775923,0.1,stationary (both agree),,,,
Santa Monica Pier,pda,full,stl,1,920,0.39060279899082384,0.36283080185490313,0.2090588830627389,-0.010871838004716517,-0.0154352729120768,-0.01003544960671194,7.0,False,0.013748942057886475,0.6770596923425011,8.034284959631703e-16,0.1,stationary (both agree),-0.08694551333762786,0.00832489598586155,0.005736236078178081,0.0
Santa Monica Pier,pda,window,raw,1,186,0.6937829183225075,0.6013666853146663,0.27859949859933353,-0.05539275390914831,-0.04631015988485129,-0.014496560465360783,5.0,False,0.1297863485789246,0.07746420371703772,0.0520196737565233,0.1,"conflicting: ADF unit root, KPSS stationary (weak evidence)",,,,
Santa Monica Pier,pda,window,seasonal_diff,1,134,0.7654973332350412,0.6705864803607138,0.25086702926742704,-0.006544723373926246,-0.7252498492697805,-0.012776246452479741,5.0,False,-0.144809678911946,0.09503813024173297,0.13691546793585974,0.1,"conflicting: ADF unit root, KPSS stationary (weak evidence)",,,,
Santa Monica Pier,pda,window,stl,1,187,0.6834059759975455,0.5977400668758469,0.2736366243836788,-0.04269299303535489,-0.07214811403043563,-0.013779772797328341,5.0,False,0.14012168273607437,0.05578205043949584,0.006169975568189316,0.1,stationary (both agree),-0.9790451435981239,8.276567297573698e-130,0.02734139100699773,0.0
Newport Beach Pier,pn,full,raw,1,863,0.3475771035368478,0.17690860542183023,0.16155730659001769,-0.0370473848463452,0.19967695517098707,-0.009029712619683623,9.0,False,-0.016893094715535007,0.6201892276994818,0.00019865040631948097,0.08525925784978008,stationary (both agree),,,,
Newport Beach Pier,pn,full,seasonal_diff,1,766,0.27643014328441284,0.10210271162525421,0.06457529787244941,0.014356559043826763,-0.4332352406758704,-0.0032737123859680793,4.0,False,-0.04049012386948907,0.26302832108331486,0.0007377059194526825,0.07940848809498638,stationary (both agree),,,,
Newport Beach Pier,pn,full,stl,1,939,0.23880553225191734,0.08592511359955063,0.01935028824912291,-0.03643211628724355,-0.09004284051180955,-0.0031154223706456098,3.0,False,0.078688215472361,0.015874857342227808,0.0,0.033693338185237835,"conflicting: ADF stationary, KPSS non-stationary (possible trend-stationarity)",-0.2649981761415019,1.486040597676296e-16,0.2952100944969598,0.09390026107082883
Newport Beach Pier,pn,window,raw,1,164,0.4245559972408023,0.26307343116573834,0.23382825410623329,-0.10904726437388762,0.1587138503805037,-0.014437418441877436,5.0,False,0.133147640427077,0.08919569046027814,0.730053762680839,0.1,"conflicting: ADF unit root, KPSS stationary (weak evidence)",,,,
Newport Beach Pier,pn,window,seasonal_diff,1,106,0.15884641605385888,-0.03767991592483063,0.020414890623617718,-0.03822914688489322,-0.5453041526563946,-0.0010888883219925217,1.0,False,-0.09674993578056222,0.3238349821863977,,,insufficient data,,,,
Newport Beach Pier,pn,window,stl,1,191,0.22054798331677,0.0303644226759576,0.027232574282254344,0.01904725738305868,0.13127264457660978,0.0001330012038976621,2.0,False,0.03438379238974776,0.6367741727443729,8.507067709188094e-20,0.1,stationary (both agree),0.9999999980809742,0.0,0.3881985723233039,0.05930804517769184
Newport Beach Pier,pda,full,raw,1,868,0.31572448025461436,0.32148033698738215,0.03572199598288337,-0.0289835517420706,0.0849978764635725,-0.0066912331214018335,4.0,False,0.0020060321188141886,0.9529391345846259,1.315353861487712e-07,0.1,stationary (both agree),,,,
Newport Beach Pier,pda,full,seasonal_diff,1,776,0.3496201565970631,0.3554146206194843,0.04150778889469804,-0.006967136299082455,-0.5221609574263836,-0.006454727634855287,4.0,False,-0.00976774174979009,0.7858791132736699,0.515715711693976,0.1,"conflicting: ADF unit root, KPSS stationary (weak evidence)",,,,
Newport Beach Pier,pda,full,stl,1,939,0.23631259076440927,0.25932281202939245,0.09858109425029751,-0.005894951952872662,-0.024393450187228424,-0.006184843137256145,6.0,False,0.07790932365537087,0.016947999318138392,2.87136001275895e-18,0.1,stationary (both agree),-0.6846736970204124,7.443059496040131e-131,0.4822609216881979,0.015206540270448321
Newport Beach Pier,pda,window,raw,1,164,0.23967437060989125,0.3435447987776634,0.10019127372134927,-0.0464041522325574,-0.060321618483330966,-0.009297686956801098,4.0,False,0.014250660458707988,0.8562806042948521,0.0010080304656476789,0.1,stationary (both agree),,,,
Newport Beach Pier,pda,window,seasonal_diff,1,106,0.2998433431908775,0.41786531334615423,0.11581296903375547,0.005162191670234791,-0.6495354560569484,-0.008831776028488792,4.0,False,-0.12362507692636336,0.20674879717614927,,,insufficient data,,,,
Newport Beach Pier,pda,window,stl,1,191,0.23979917345454324,0.3732004005864739,0.038941858332479116,-0.020437471425510945,-0.14228867706196555,-0.007878389324539698,4.0,False,0.0478395195848922,0.5110576501209632,0.00042068572981818214,0.1,stationary (both agree),-0.8827821994162267,6.384687530465127e-64,0.20129239553757627,0.0
Scripps Pier,pn,full,raw,1,905,0.3922253086703035,0.294597772591376,0.20545670484673068,0.0600472632907405,0.12002783915974041,-0.00908395595391379,12.0,False,0.017750371726782573,0.5938312616828154,5.987259640554827e-10,0.1,stationary (both agree),,,,
Scripps Pier,pn,full,seasonal_diff,1,825,0.27976845384505555,0.17157965525552712,0.13386464948876184,0.020827684805566644,-0.48468507123779797,-0.005728017996830309,9.0,False,0.001868001080587689,0.9572754148170298,4.786503808439222e-24,0.05253732012356443,stationary (both agree),,,,
Scripps Pier,pn,full,stl,1,937,0.19103663568095877,0.08677673882513202,0.056951585363162305,0.024067807407769166,-0.11023238342386074,-0.0030010109595402608,3.0,False,-0.0060676066227375435,0.8528478726788207,2.1707345685484223e-30,0.1,stationary (both agree),0.013743830416600473,0.6743662558811141,0.20609840066439045,0.1091936484667011
Scripps Pier,pn,window,raw,1,185,0.1898685826376632,0.20943808217364543,0.08934985287480925,-0.005211742286382626,-0.01839801253663883,-0.008944501213202805,4.0,False,0.14092230536034783,0.05570732273058049,1.0898596203316686e-08,0.08218879079662138,stationary (both agree),,,,
Scripps Pier,pn,window,seasonal_diff,1,133,0.04595236468820047,0.05888542341642482,-0.015642086161583274,0.052536561427551406,-0.6248167782741278,-0.0010045081675928436,1.0,False,-0.08974317500882258,0.3042915427864566,4.1140469429781434e-19,0.1,stationary (both agree),,,,
Scripps Pier,pn,window,stl,1,188,0.11153716566697548,0.06746309168143107,0.013290658435803949,0.09083697625513497,0.057149470105273825,-0.0002729462128400547,1.0,False,0.049459144546903616,0.5002862185537025,1.4991933622289662e-22,0.1,stationary (both agree),0.991837226467089,2.5213863083798915e-168,0.32805546328809654,0.01467324507999368
Scripps Pier,pda,full,raw,1,922,0.3437555954675545,0.21734404223674667,0.2046662496067811,-0.02328978258668547,-0.023040405879992062,-0.009132601627915678,10.0,False,0.08110439421644215,0.013762287135020729,0.05899718863314976,0.045076002462853364,non-stationary (both agree),,,,
Scripps Pier,pda,full,seasonal_diff,1,859,0.3617814365290055,0.21475425122079358,0.2120383572929316,0.00024293103568934777,-0.6243044095496404,-0.008587874755905795,10.0,False,-0.01600035088924782,0.6395724805340472,0.3925971006259606,0.1,"conflicting: ADF unit root, KPSS stationary (weak evidence)",,,,
Scripps Pier,pda,full,stl,1,936,0.28616504070335524,0.2395442986409441,0.3640136792802172,0.14634652383842064,0.08145714139785253,-0.004802353139855038,,True,-0.23580985281945466,2.710368490835292e-13,0.002381438511480256,0.01,"conflicting: ADF stationary, KPSS non-stationary (possible trend-stationarity)",0.2715343995767792,2.776096728488098e-17,0.05058349152874042,0.5670838334549562
Scripps Pier,pda,window,raw,1,187,0.46080600154575296,0.29178730053526836,0.179343443622908,-0.06406794362773768,-0.07849583319981396,-0.012783980886762735,6.0,False,0.0966964201958556,0.1879980035685297,0.30543951196125935,0.1,"conflicting: ADF unit root, KPSS stationary (weak evidence)",,,,
Scripps Pier,pda,window,seasonal_diff,1,135,0.4921288871128365,0.3169542513655262,0.2143113029118176,-0.00036450052877688455,-0.7605529797356556,-0.01167698638095339,6.0,False,-0.22040837307849354,0.010205977121109641,0.14288586429664113,0.041690624149488625,non-stationary (both agree),,,,
Scripps Pier,pda,window,stl,1,187,0.46637344086494786,0.2764390700734615,0.16646964680095214,-0.051062076539110296,-0.07892064645508147,-0.011770800791272223,3.0,False,0.10604602853877862,0.1485954321318842,0.326861950329499,0.1,"conflicting: ADF unit root, KPSS stationary (weak evidence)",-0.9740293755346531,2.7472626244404034e-121,0.008642436244544638,0.0
